[{"id":1,"latencia":"=+","latenciaString":"=+","written":{"id_var":"N","offset":"-1"},"read":[{},{"id_var":"O","offset":"-2"},{"id_var":"P","offset":"-3"}]},{"id":2,"latencia":"=*+","latenciaString":"=*+","written":{"id_var":"A","offset":0},"read":[{"id_var":"A","offset":0},{"id_var":"A","offset":0},{"id_var":"N","offset":"-1"}]},{"id":3,"latencia":"=*","latenciaString":"=*","written":{"id_var":"Q","offset":"0"},"read":[{"id_var":"N","offset":"0"},{"id_var":"A","offset":0}]},{"id":4,"latencia":"=/","latenciaString":"=/","written":{"id_var":"P","offset":"0"},"read":[{"id_var":"Q","offset":"2"}]},{"id":5,"latencia":"=*","latenciaString":"=*","written":{"id_var":"O","offset":"0"},"read":[{"id_var":"Q","offset":"-1"}]}]